<?xml version='1.0' encoding='utf-8'?>
<!DOCTYPE hibernate-configuration PUBLIC
        "-//Hibernate/Hibernate Configuration DTD//EN"
        "http://www.hibernate.org/dtd/hibernate-configuration-3.0.dtd">
<hibernate-configuration>
    <session-factory>
        <!-- JDBC Database connection settings -->
        <property name="connection.driver_class">com.mysql.cj.jdbc.Driver</property>
        <property name="connection.url">jdbc:mysql://localhost:3306/hospitaljpa?useSSL=false</property>
        <property name="connection.username">root</property>
        <property name="connection.password"></property>
        <!-- JDBC connection pool settings ... using built-in test pool -->
        <property name="connection.pool_size">1</property>
        <!-- Select our SQL dialect -->
        <property name="dialect">org.hibernate.dialect.MySQL5Dialect</property>
        <!-- Echo the SQL to stdout -->
        <property name="show_sql">true</property>
        <!-- Set the current session context -->
        <property name="current_session_context_class">thread</property>
        <!-- Drop and re-create the database schema on startup -->
        <property name="hbm2ddl.auto">update</property>
        <mapping class="model.Service"/>
        <!--<mapping class="com.ecole221.model.Specialite"/>
        <mapping class="com.ecole221.model.Medecin"/>-->
    </session-factory>
</hibernate-configuration>